Source:,C:\Users\User\Desktop\carrier-ac-wifi\carrier-ac-wifi.kicad_sch,,,,,
Date:,4/1/2566 2:56,,,,,
Tool:,Eeschema (6.0.9),,,,,
Generator:,C:\Program Files\KiCad\6.0\bin\scripting\plugins/bom_csv_grouped_by_value.py,,,,,
Component Count:,10,,,,,
,,,,,,
Collated Components:,,,,,,
,,,,,,
Item,Qty,Reference(s),Value,LibPart,Footprint,Datasheet
1,1,C1,47uF,Device:C,Capacitor_SMD:CP_Elec_6.3x5.4_Nichicon,~
2,2,"C2, C3",10uF,Device:C,Capacitor_SMD:C_0805_2012Metric,~
3,1,J1,Conn_01x04_Female,Connector:Conn_01x04_Female,Connector_JST:JST_XH_S4B-XH-A_1x04_P2.50mm_Horizontal,~
4,2,"Q1, Q2",BSS138,Transistor_FET:BSS138,Package_TO_SOT_SMD:SOT-23,https://www.onsemi.com/pub/Collateral/BSS138-D.PDF
5,1,RN1,10k,Device:R_Pack04,Resistor_SMD:R_Array_Convex_4x0603,~
6,1,SW1,BOOT,Switch:SW_Push,Button_Switch_SMD:SW_Push_1P1T_NO_CK_KSC6xxJ,~
7,1,U1,ESP-M3,ESP-M3:ESP-M3,ESP-M3:ESP-M3,
8,1,U2,LD1117S33TR_SOT223,Regulator_Linear:LD1117S33TR_SOT223,Package_TO_SOT_SMD:SOT-223-3_TabPin2,http://www.st.com/st-web-ui/static/active/en/resource/technical/document/datasheet/CD00000544.pdf
